{"branches": 76.19047619047619, "coverage": 93.6663693131133}