{"branches": 82.40343347639485, "coverage": 91.65879017013232}