{"branches": 66.66666666666666, "coverage": 87.96944621260344}