{"branches": 68.52791878172589, "coverage": 83.65036231884058}