{"branches": 63.2183908045977, "coverage": 88.48405985686402}