{"branches": 53.78151260504202, "coverage": 86.7561260210035}