{"branches": 82.74111675126903, "coverage": 93.53075170842826}