{"branches": 79.6116504854369, "coverage": 91.02678571428572}