{"branches": 82.40343347639485, "coverage": 91.70212765957447}