{"branches": 79.16666666666666, "coverage": 79.1044776119403}