{"branches": 49.746192893401016, "coverage": 50.13623978201635}