{"branches": 61.42131979695431, "coverage": 76.93006357856494}