{"branches": 53.78151260504202, "coverage": 86.5361803084223}