{"branches": 76.19047619047619, "coverage": 94.03669724770643}